875022675,Container Infomation Recorder,Dallas Ahmed,2
119525332,Import Plan Manager,Samuel Nickel,3
593875153,Container Infomation Recorder,Landon Baqer,4
882703342,Storage Area Maintainer,Didi Myers,5
135027866,Export Plan Manager,Chai Hummel,6
696607933,Import Plan Manager,Eric Omar,7
865084518,Container Infomation Recorder,Evans Jung,8
561995646,Export Plan Manager,Ji Lujain,9
498084132,Storage Area Maintainer,Fayoumi Su,10
841300601,Import Plan Manager,Warning Dalal,11
117568550,Import Plan Manager,Chengyu Daniel,12
926572874,Container Infomation Recorder,Fatta Bima,13
731611830,Import Plan Manager,Ganesh Qi,14
175998145,Container Distributor,McEvoy Wang,15
842619399,Human Resource,Jacob Gajavelli,16
596430885,Vessel Dispatcher,Ju Dickinson,17
294965313,Export Plan Manager,Will Mohammad,18
745790871,Container Distributor,Braden Woodrome,19
977359269,Storage Area Maintainer,Josh Bouvier,20
530620320,Customer Communicator,Shimizu Bundy,21
832917724,Vessel Dispatcher,Katie Carter,22
151300716,Container Distributor,Bednarek Hendrich,23
975766214,Export Plan Manager,Trey Foisy,24
780505903,Container Infomation Recorder,Jiacheng Kattman,25
581497365,Customer Communicator,Qiu Travis,26
633844988,Container Distributor,Matt Wendy,27
949655702,Vessel Dispatcher,Qian Catherine,28
436495954,Import Plan Manager,Tristen Steven,29
214411056,Import Plan Manager,Rikako Jake,30
719234692,Customer Financial Manager,John Chen,31
